{
  "particles":{
    "number":{
      "value":100,
      "density":{
        "enable":true,
        "value_area":800
      }
    },
    "color":{
      "value":"#2DD327"
    },
    "shape":{
      "type":"circle",
      "stroke":{
        "width":0,
        "color":"#ff0000"
      },
      "polygon":{
        "nb_sides":5
      },
      "image":{
        "src":"",
        "width":100,
        "height":100
      }
    },
    "opacity":{
      "value":0.5,
      "random":false,
      "anim":{
        "enable":false,
        "speed":2,
        "opacity_min":0,
        "sync":false
      }
    },
    "size":{
      "value":3,
      "random":false,
      "anim":{
        "enable":false,
        "speed":20,
        "size_min":0,
        "sync":false
      }
    },
    "line_linked":{
      "enable":true,
      "distance":150,
      "color":"#2DD327",
      "opacity":0.4,
      "width":1
    },
    "move":{
      "enable":true,
      "speed":2,
      "direction":"none",
      "random":false,
      "straight":false,
      "out_mode":"out",
      "bounce":false,
      "attract":{
        "enable":false,
        "rotateX":3000,
        "rotateY":3000
      }
    },
    "array":[]
  },
  "interactivity":{
    "detect_on":"window",
    "events":{
      "onhover":{
        "enable":true,
        "mode":"grab"
      },
      "onclick":{
        "enable":false,
        "mode":"push"
      },
      "resize":true
    },
    "modes":{
      "grab":{
        "distance":100,
        "line_linked":{
          "opacity":1
        }
      },
      "bubble":{
        "distance":200,
        "size":80,
        "duration":0.4
      },
      "repulse":{
        "distance":200,
        "duration":0.4
      },
      "push":{
        "particles_nb":4
      },
      "remove":{
        "particles_nb":2
      }
    },
    "mouse":{}
  },
  "retina_detect":false,
  "fn":{
    "interact":{},
    "modes":{},
    "vendors":{}
  },
  "tmp":{}
}